{
  "n_test": 5671,
  "logreg": {
    "threshold": 0.5,
    "precision_fail": 0.24940162757300144,
    "recall_fail": 0.9472727272727273,
    "f1_fail": 0.39484653277756726
  },
  "always_a": {
    "threshold": 0.5,
    "precision_fail": 0.0,
    "recall_fail": 0.0,
    "f1_fail": 0.0
  },
  "persistence": {
    "threshold": 0.5,
    "precision_fail": 0.24060150375939848,
    "recall_fail": 0.2909090909090909,
    "f1_fail": 0.26337448559670784
  },
  "logreg_report": {
    "0": {
      "precision": 0.9919039642657733,
      "recall": 0.693809802772896,
      "f1-score": 0.8165000574514535,
      "support": 5121.0
    },
    "1": {
      "precision": 0.24940162757300144,
      "recall": 0.9472727272727273,
      "f1-score": 0.39484653277756726,
      "support": 550.0
    },
    "accuracy": 0.718391818021513,
    "macro avg": {
      "precision": 0.6206527959193874,
      "recall": 0.8205412650228117,
      "f1-score": 0.6056732951145104,
      "support": 5671.0
    },
    "weighted avg": {
      "precision": 0.9198926284905969,
      "recall": 0.718391818021513,
      "f1-score": 0.7756061342332138,
      "support": 5671.0
    }
  }
}